state,year,total_damage,population,damage_per_capita
ALABAMA,2010,34923100.0,4712651.0,7.410499950028126
ALABAMA,2011,4378324850.0,4747424.0,922.2527522294196
ALABAMA,2012,7450050.0,4777326.0,1.559460250357627
ALABAMA,2013,8400450.0,4799277.0,1.750357397583011
ALABAMA,2013,8400450.0,4799277.0,1.750357397583011
ALABAMA,2014,38215160.0,4817678.0,7.932277748741199
ALABAMA,2015,14794500.0,4830620.0,3.0626503430201506
ALABAMA,2016,4307900.0,4841164.0,0.8898479787092526
ALABAMA,2017,31592800.0,4850771.0,6.512944024774618
ALABAMA,2018,8340950.0,4864680.0,1.7145937656742067
ALABAMA,2019,981600.0,4876250.0,0.20130223019738527
ALABAMA,2020,315470700.0,4893186.0,64.47143027058443
ALABAMA,2021,9084900.0,4997675.0,1.817825288759273
ALABAMA,2022,30972600.0,5028092.0,6.159911155165816
ALABAMA,2023,42923200.0,5054253.0,8.492491373106965
ALABAMA,2024,17396600.0,5086768.0,3.419971187992061
ALASKA,2010,8824500.0,691189.0,12.767130263936492
ALASKA,2011,28855500.0,700703.0,41.18078558247931
ALASKA,2012,24145000.0,711139.0,33.95257467246206
ALASKA,2013,30495600.0,720316.0,42.33641901609849
ALASKA,2013,30495600.0,720316.0,42.33641901609849
ALASKA,2014,1471000.0,728300.0,2.0197720719483727
ALASKA,2015,26704800.0,733375.0,36.41356741094256
ALASKA,2016,203000.0,736855.0,0.2754951788343704
ALASKA,2017,6525000.0,738565.0,8.834699721757733
ALASKA,2018,3589000.0,738516.0,4.859745760416836
ALASKA,2019,8545000.0,737068.0,11.593231560724384
ALASKA,2020,35849000.0,736990.0,48.64245105089621
ALASKA,2021,5855740.0,735951.0,7.956698204092392
ALASKA,2022,18251800.0,734821.0,24.838430039424566
ALASKA,2023,9211000.0,733971.0,12.549542148123018
ALASKA,2024,10790000.0,735706.0,14.666184590040043
ARIZONA,2010,2860743300.0,6246816.0,457.9522271826159
ARIZONA,2011,106802500.0,6337373.0,16.852803204103655
ARIZONA,2012,21699000.0,6410979.0,3.384662467308035
ARIZONA,2013,170206200.0,6479703.0,26.267592820226483
ARIZONA,2013,170206200.0,6479703.0,26.267592820226483
ARIZONA,2014,28046500.0,6561516.0,4.27439329569569
ARIZONA,2015,10790500.0,6641928.0,1.6246035789608078
ARIZONA,2016,10897000.0,6728577.0,1.6195103362865582
ARIZONA,2017,11700300.0,6809946.0,1.7181193507261292
ARIZONA,2018,67453000.0,6946685.0,9.71009913361553
ARIZONA,2019,15074500.0,7050299.0,2.1381362691142605
ARIZONA,2020,3949350.0,7174064.0,0.550503870609462
ARIZONA,2021,105035050.0,7079203.0,14.837129264410132
ARIZONA,2022,44482300.0,7172282.0,6.201973095871021
ARIZONA,2023,19602750.0,7268175.0,2.6970663199496436
ARIZONA,2024,39715500.0,7378838.0,5.3823515301460745
ARKANSAS,2010,61192850.0,2872684.0,21.301629416949446
ARKANSAS,2011,632972500.0,2895928.0,218.57328635242314
ARKANSAS,2012,180609300.0,2916372.0,61.929445214807984
ARKANSAS,2013,72384100.0,2933369.0,24.676097688357654
ARKANSAS,2013,72384100.0,2933369.0,24.676097688357654
ARKANSAS,2014,280769400.0,2947036.0,95.27179172565249
ARKANSAS,2015,45510000.0,2958208.0,15.384313746700705
ARKANSAS,2016,13583000.0,2968472.0,4.57575479910203
ARKANSAS,2017,61096500.0,2977944.0,20.516336103029474
ARKANSAS,2018,19859000.0,2990671.0,6.640315835476386
ARKANSAS,2019,29142500.0,2999370.0,9.716207070151398
ARKANSAS,2020,315214500.0,3011873.0,104.65730128727208
ARKANSAS,2021,31699500.0,3006309.0,10.5443252839279
ARKANSAS,2022,26328300.0,3018669.0,8.721824088696044
ARKANSAS,2023,263370000.0,3032651.0,86.84481003583993
ARKANSAS,2024,115654300.0,3049391.0,37.92701559098194
CALIFORNIA,2010,236283100.0,36637290.0,6.44925156855215
CALIFORNIA,2011,451841400.0,36969200.0,12.222103805329843
CALIFORNIA,2012,37059950.0,37325068.0,0.9928970524581495
CALIFORNIA,2013,528015500.0,37659181.0,14.020897055621045
CALIFORNIA,2013,528015500.0,37659181.0,14.020897055621045
CALIFORNIA,2014,1628077200.0,38066920.0,42.76881870138167
CALIFORNIA,2015,108726400.0,38421464.0,2.8298349068635176
CALIFORNIA,2016,74232510.0,38654206.0,1.9204251666687966
CALIFORNIA,2017,867063710.0,38982847.0,22.242185389897255
CALIFORNIA,2018,19383668900.0,39148760.0,495.12855324153304
CALIFORNIA,2019,164961900.0,39283497.0,4.199267188458299
CALIFORNIA,2020,41492950.0,39346023.0,1.0545652860519092
CALIFORNIA,2021,300392800.0,39455353.0,7.613486565435114
CALIFORNIA,2022,86328030.0,39356104.0,2.193510567001246
CALIFORNIA,2023,1047172630.0,39242785.0,26.684462634341575
CALIFORNIA,2024,142295370.0,39287377.0,3.621910671206174
COLORADO,2010,318755800.0,4887061.0,65.22443652739346
COLORADO,2011,193351600.0,4966061.0,38.93460027977908
COLORADO,2012,1162927750.0,5042853.0,230.60909171851728
COLORADO,2013,1011621750.0,5119329.0,197.60827053701763
COLORADO,2013,1011621750.0,5119329.0,197.60827053701763
COLORADO,2014,225772800.0,5197580.0,43.43806155941804
COLORADO,2015,10535100.0,5278906.0,1.9956975934028756
COLORADO,2016,925200.0,5359295.0,0.17263464690784888
COLORADO,2017,2326776300.0,5436519.0,427.9900980756252
COLORADO,2018,669427000.0,5531141.0,121.02873530072728
COLORADO,2019,1808800.0,5610349.0,0.3224041855506672
COLORADO,2020,325984970.0,5684926.0,57.34199002766263
COLORADO,2021,2160873910.0,5723176.0,377.5655178173797
COLORADO,2022,1097370.0,5770790.0,0.1901594062511372
COLORADO,2023,48564640.0,5810774.0,8.357688665916108
COLORADO,2024,34284500.0,5862189.0,5.848412598092624
CONNECTICUT,2010,22963600.0,3545837.0,6.476214219660972
CONNECTICUT,2011,88783750.0,3558172.0,24.952068084398395
CONNECTICUT,2012,7020500.0,3572213.0,1.9653083396762736
CONNECTICUT,2013,5757500.0,3583561.0,1.6066421082269842
CONNECTICUT,2013,5757500.0,3583561.0,1.6066421082269842
CONNECTICUT,2014,514000.0,3592053.0,0.14309365702566193
CONNECTICUT,2015,1501000.0,3593222.0,0.4177309389734339
CONNECTICUT,2016,1749050.0,3588570.0,0.48739470039597943
CONNECTICUT,2017,1450750.0,3594478.0,0.40360519663773153
CONNECTICUT,2018,7944600.0,3581504.0,2.218230106681439
CONNECTICUT,2019,803000.0,3575074.0,0.22461073533023374
CONNECTICUT,2020,56400000.0,3570549.0,15.795890211841373
CONNECTICUT,2021,7720810.0,3605330.0,2.14149883644493
CONNECTICUT,2022,185500.0,3611317.0,0.05136630209976028
CONNECTICUT,2023,2042600.0,3598348.0,0.5676493768807241
CONNECTICUT,2024,1238700.0,3624508.0,0.34175672946507496
DELAWARE,2010,9644000.0,881278.0,10.943198400504722
DELAWARE,2011,1361000.0,890856.0,1.5277441023016065
DELAWARE,2012,7425000.0,900131.0,8.248799341429192
DELAWARE,2013,410000.0,908446.0,0.45132016652613366
DELAWARE,2013,410000.0,908446.0,0.45132016652613366
DELAWARE,2014,415000.0,917060.0,0.45253309489019256
DELAWARE,2015,545500.0,926454.0,0.5888041931925384
DELAWARE,2016,35030.0,934695.0,0.03747746591134006
DELAWARE,2017,60.0,943732.0,6.35773715419208e-05
DELAWARE,2018,0.0,949495.0,0.0
DELAWARE,2019,0.0,957248.0,0.0
DELAWARE,2020,0.0,967679.0,0.0
DELAWARE,2021,3600000.0,981892.0,3.6663910083797404
DELAWARE,2022,1000.0,993635.0,0.0010064057727435126
DELAWARE,2023,30000.0,1005872.0,0.02982486837291425
DELAWARE,2024,50000.0,1021191.0,0.048962436997584194
DISTRICT OF COLUMBIA,2010,95000.0,584400.0,0.16255989048596853
DISTRICT OF COLUMBIA,2011,2412000.0,593955.0,4.060913705583756
DISTRICT OF COLUMBIA,2012,98000.0,605759.0,0.16178051007083674
DISTRICT OF COLUMBIA,2013,4500.0,619371.0,0.007265435417544573
DISTRICT OF COLUMBIA,2013,4500.0,619371.0,0.007265435417544573
DISTRICT OF COLUMBIA,2014,9500.0,633736.0,0.014990469217465947
DISTRICT OF COLUMBIA,2015,13000.0,647484.0,0.020077716206114746
DISTRICT OF COLUMBIA,2016,0.0,659009.0,0.0
DISTRICT OF COLUMBIA,2017,0.0,672391.0,0.0
DISTRICT OF COLUMBIA,2018,3000.0,684498.0,0.00438277394528545
DISTRICT OF COLUMBIA,2019,500000.0,692683.0,0.721830909665749
DISTRICT OF COLUMBIA,2020,562000.0,701974.0,0.800599452401371
DISTRICT OF COLUMBIA,2021,742000.0,683154.0,1.0861387037183416
DISTRICT OF COLUMBIA,2022,257500.0,670587.0,0.3839919354237407
DISTRICT OF COLUMBIA,2023,25331000.0,672079.0,37.690509597830015
DISTRICT OF COLUMBIA,2024,68000.0,681294.0,0.09981006731308363
FLORIDA,2010,760325200.0,18511620.0,41.07286126227742
FLORIDA,2011,18422750.0,18688787.0,0.9857648867205774
FLORIDA,2012,129248850.0,18885152.0,6.843940149382965
FLORIDA,2013,105462000.0,19091156.0,5.524128554604027
FLORIDA,2013,105462000.0,19091156.0,5.524128554604027
FLORIDA,2014,210238290.0,19361792.0,10.858410729750634
FLORIDA,2015,27003400.0,19645772.0,1.3745145774877159
FLORIDA,2016,3131710150.0,19934451.0,157.1003961935044
FLORIDA,2017,4557429960.0,20278447.0,224.74255351013812
FLORIDA,2018,11409301160.0,20598139.0,553.8996100570056
FLORIDA,2019,27583430.0,20901636.0,1.3196780385994666
FLORIDA,2020,451329020.0,21216924.0,21.272123140941638
FLORIDA,2021,48856420.0,21339762.0,2.289454774612763
FLORIDA,2022,17004665190.0,21634529.0,785.9965516235643
FLORIDA,2023,444471900.0,21928881.0,20.2687907330976
FLORIDA,2024,7600825250.0,22416077.0,339.0791907968553
GEORGIA,2010,31616270.0,9468815.0,3.338989092088081
GEORGIA,2011,394276700.0,9600612.0,41.067871506524796
GEORGIA,2012,61385750.0,9714569.0,6.318937052173905
GEORGIA,2013,151233220.0,9810417.0,15.415575097368441
GEORGIA,2013,151233220.0,9810417.0,15.415575097368441
GEORGIA,2014,9043410.0,9907756.0,0.9127606695199195
GEORGIA,2015,33532170.0,10006693.0,3.3509741929726435
GEORGIA,2016,38251210.0,10099320.0,3.7875035150881446
GEORGIA,2017,680836760.0,10201635.0,66.73800425127934
GEORGIA,2018,4433985410.0,10297484.0,430.58920120681904
GEORGIA,2019,20953140.0,10403847.0,2.013980021044139
GEORGIA,2020,33957010.0,10516579.0,3.228902668824149
GEORGIA,2021,39121330.0,10625615.0,3.681794418487777
GEORGIA,2022,4255990.0,10722325.0,0.39692790509521025
GEORGIA,2023,51380660.0,10822590.0,4.747538251010155
GEORGIA,2024,2813240800.0,10940407.0,257.1422434284209
HAWAII,2010,0.0,1333591.0,0.0
HAWAII,2011,15785000.0,1346554.0,11.722515398565523
HAWAII,2012,198000.0,1362730.0,0.14529657378937869
HAWAII,2013,118500.0,1376298.0,0.0861005392727447
HAWAII,2013,118500.0,1376298.0,0.0861005392727447
HAWAII,2014,110000.0,1392704.0,0.07898304305868296
HAWAII,2015,118500.0,1406299.0,0.08426373054378905
HAWAII,2016,1000.0,1413673.0,0.000707377165723615
HAWAII,2017,238000.0,1421658.0,0.16741016475129744
HAWAII,2018,28468000.0,1422029.0,20.019282307182202
HAWAII,2019,303250.0,1422094.0,0.21324188133836441
HAWAII,2020,30938000.0,1420074.0,21.78618860707259
HAWAII,2021,52823000.0,1453498.0,36.34198327070281
HAWAII,2022,1334000.0,1450589.0,0.9196264413972531
HAWAII,2023,5554623000.0,1445635.0,3842.341254881073
HAWAII,2024,22786000.0,1445235.0,15.766294062903265
IDAHO,2010,5936000.0,1526797.0,3.8878776942841777
IDAHO,2011,10047250.0,1549987.0,6.48215114062247
IDAHO,2012,479596800.0,1567803.0,305.90373918151704
IDAHO,2013,3431200.0,1583364.0,2.1670317122278893
IDAHO,2013,3431200.0,1583364.0,2.1670317122278893
IDAHO,2014,87569600.0,1599464.0,54.749341029244796
IDAHO,2015,8735800.0,1616547.0,5.403987635373422
IDAHO,2016,1142400.0,1635483.0,0.6985092477268183
IDAHO,2017,171104200.0,1657375.0,103.23807225280942
IDAHO,2018,43245850.0,1687809.0,25.6224786098427
IDAHO,2019,8083000.0,1717750.0,4.705574152234027
IDAHO,2020,6565300.0,1754367.0,3.742261453846316
IDAHO,2021,6159600.0,1811617.0,3.40005641369009
IDAHO,2022,25703800.0,1854109.0,13.863154755195083
IDAHO,2023,93130100.0,1893296.0,49.18940303048229
IDAHO,2024,44327750.0,1934262.0,22.917138422819658
ILLINOIS,2010,444441300.0,12745359.0,34.87083416010486
ILLINOIS,2011,299424500.0,12790182.0,23.41049564423712
ILLINOIS,2012,1179752900.0,12823860.0,91.9967076995538
ILLINOIS,2013,1563002000.0,12848554.0,121.64808584685872
ILLINOIS,2013,1563002000.0,12848554.0,121.64808584685872
ILLINOIS,2014,256899000.0,12868747.0,19.963015824306748
ILLINOIS,2015,73612500.0,12873761.0,5.718025991006047
ILLINOIS,2016,24363500.0,12851684.0,1.8957437795700547
ILLINOIS,2017,63193750.0,12854526.0,4.916070028564258
ILLINOIS,2018,143794000.0,12821497.0,11.215071063854712
ILLINOIS,2019,57657500.0,12770631.0,4.514851302179196
ILLINOIS,2020,49456500.0,12716164.0,3.889262516589122
ILLINOIS,2021,39125000.0,12821813.0,3.051440541208954
ILLINOIS,2022,15977000.0,12757634.0,1.252348201868779
ILLINOIS,2023,565830000.0,12692653.0,44.57933262652024
ILLINOIS,2024,20359550.0,12694798.0,1.6037710879684735
INDIANA,2010,14070950.0,6417398.0,2.192625422328489
INDIANA,2011,18611450.0,6454254.0,2.883594293004273
INDIANA,2012,73063850.0,6485530.0,11.265671425465614
INDIANA,2013,6503350.0,6514861.0,0.998233116562272
INDIANA,2013,6503350.0,6514861.0,0.998233116562272
INDIANA,2014,75449350.0,6542411.0,11.532346408686339
INDIANA,2015,5348350.0,6568645.0,0.814224242594934
INDIANA,2016,19520450.0,6589578.0,2.9623217146833984
INDIANA,2017,15909550.0,6614418.0,2.4052834278087656
INDIANA,2018,15118000.0,6637426.0,2.2776901768848345
INDIANA,2019,9312150.0,6665703.0,1.3970244398827851
INDIANA,2020,8620250.0,6696893.0,1.2872013932431055
INDIANA,2021,54792000.0,6751340.0,8.115722212183062
INDIANA,2022,24974000.0,6784403.0,3.681090289005532
INDIANA,2023,69119350.0,6811752.0,10.147073763108228
INDIANA,2024,60079250.0,6851073.0,8.769319783922898
IOWA,2010,1324509450.0,3016267.0,439.1220836882146
IOWA,2011,216530760.0,3032266.0,71.40889354693816
IOWA,2012,2796303800.0,3047646.0,917.5290699772873
IOWA,2013,1080102700.0,3062553.0,352.68049238658074
IOWA,2013,1080102700.0,3062553.0,352.68049238658074
IOWA,2014,88121100.0,3078116.0,28.62825832424769
IOWA,2015,53706500.0,3093526.0,17.36093376942686
IOWA,2016,45601100.0,3106589.0,14.678832636051952
IOWA,2017,51517500.0,3118102.0,16.522070156781272
IOWA,2018,363480600.0,3132499.0,116.03534430497822
IOWA,2019,217511500.0,3139508.0,69.28203400023189
IOWA,2020,24699000.0,3150011.0,7.840924999944445
IOWA,2021,48104400.0,3179090.0,15.131499894623934
IOWA,2022,311256500.0,3188836.0,97.60818681173946
IOWA,2023,78270550.0,3195937.0,24.49064233744282
IOWA,2024,135616200.0,3210507.0,42.241365616084934
KANSAS,2010,174883070.0,2809329.0,62.25083285012186
KANSAS,2011,183617050.0,2830985.0,64.85977495465359
KANSAS,2012,587527450.0,2851183.0,206.06444763454328
KANSAS,2013,82526900.0,2868107.0,28.773996228174195
KANSAS,2013,82526900.0,2868107.0,28.773996228174195
KANSAS,2014,60474000.0,2882946.0,20.976459496639894
KANSAS,2015,34863150.0,2892987.0,12.05091830692637
KANSAS,2016,79909750.0,2898292.0,27.571324766448654
KANSAS,2017,12902300.0,2903820.0,4.443216177311266
KANSAS,2018,40885100.0,2908776.0,14.055774662607227
KANSAS,2019,39937800.0,2910652.0,13.721255581223726
KANSAS,2020,31523980.0,2912619.0,10.823241900159273
KANSAS,2021,13674650.0,2932099.0,4.663774995319053
KANSAS,2022,105491750.0,2935922.0,35.93138714175649
KANSAS,2023,28297110.0,2937569.0,9.63283245431852
KANSAS,2024,29213000.0,2947197.0,9.912130067993418
KENTUCKY,2010,32992500.0,4285828.0,7.698045745186228
KENTUCKY,2011,72215750.0,4316040.0,16.73194641384232
KENTUCKY,2012,165081600.0,4340167.0,38.03577143460148
KENTUCKY,2013,16095500.0,4361333.0,3.6905001292036173
KENTUCKY,2013,16095500.0,4361333.0,3.6905001292036173
KENTUCKY,2014,12540600.0,4383272.0,2.8610134164614927
KENTUCKY,2015,17333310.0,4397353.0,3.94175996332339
KENTUCKY,2016,19607170.0,4411989.0,4.444065930354768
KENTUCKY,2017,28106350.0,4424376.0,6.352613340276686
KENTUCKY,2018,30191490.0,4440204.0,6.799572722334379
KENTUCKY,2019,14428520.0,4449052.0,3.243054924959295
KENTUCKY,2020,28660850.0,4461952.0,6.423388239048739
KENTUCKY,2021,13159430.0,4494141.0,2.9281302033024774
KENTUCKY,2022,8220850.0,4502935.0,1.8256648163919755
KENTUCKY,2023,16571350.0,4510725.0,3.673766412272972
KENTUCKY,2024,16104800.0,4534824.0,3.5513616404958603
LOUISIANA,2010,84790600.0,4429940.0,19.140349530693417
LOUISIANA,2011,85479900.0,4484596.0,19.06078050285912
LOUISIANA,2012,810650900.0,4529605.0,178.96723886519905
LOUISIANA,2013,268251300.0,4567968.0,58.72442626568312
LOUISIANA,2013,268251300.0,4567968.0,58.72442626568312
LOUISIANA,2014,10246800.0,4601049.0,2.227057351486585
LOUISIANA,2015,22688000.0,4625253.0,4.905245183344565
LOUISIANA,2016,9203829800.0,4645670.0,1981.163061517499
LOUISIANA,2017,107641100.0,4663461.0,23.081805551713632
LOUISIANA,2018,18289000.0,4663616.0,3.9216350574318297
LOUISIANA,2019,187433000.0,4664362.0,40.18405947051279
LOUISIANA,2020,14667284600.0,4664616.0,3144.371283724105
LOUISIANA,2021,12661784600.0,4657305.0,2718.6934503967423
LOUISIANA,2022,191566200.0,4640546.0,41.280961335153236
LOUISIANA,2023,101377350.0,4621025.0,21.938282091094507
LOUISIANA,2024,231489250.0,4611961.0,50.19323667307681
MAINE,2010,5611000.0,1327665.0,4.226216703761867
MAINE,2011,2610500.0,1328543.0,1.9649345184913096
MAINE,2012,1100000.0,1329084.0,0.827637681290272
MAINE,2013,3686500.0,1328320.0,2.775310166225006
MAINE,2013,3686500.0,1328320.0,2.775310166225006
MAINE,2014,3687000.0,1328535.0,2.7752373855412165
MAINE,2015,1038500.0,1329100.0,0.7813558046798585
MAINE,2016,1929500.0,1329923.0,1.450835875460459
MAINE,2017,345000.0,1330158.0,0.2593676841397789
MAINE,2018,7660000.0,1332813.0,5.74724286152671
MAINE,2019,420000.0,1335492.0,0.31449083933112293
MAINE,2020,19232000.0,1340825.0,14.34340797643242
MAINE,2021,5283000.0,1357046.0,3.893014680416139
MAINE,2022,32831000.0,1366949.0,24.01772121710466
MAINE,2023,44882000.0,1377400.0,32.58457964280529
MAINE,2024,110875000.0,1387817.0,79.89165718534936
MARYLAND,2010,3709500.0,5696423.0,0.6511981290715244
MARYLAND,2011,23304000.0,5736545.0,4.062375523943419
MARYLAND,2012,47904720.0,5785496.0,8.28014054456178
MARYLAND,2013,598350.0,5834299.0,0.10255730808448453
MARYLAND,2013,598350.0,5834299.0,0.10255730808448453
MARYLAND,2014,5956750.0,5887776.0,1.0117147799101052
MARYLAND,2015,1689000.0,5930538.0,0.28479709598016234
MARYLAND,2016,24455030.0,5959902.0,4.103260422738495
MARYLAND,2017,1103020.0,5996079.0,0.18395688248937347
MARYLAND,2018,72337600.0,6003435.0,12.049368403255803
MARYLAND,2019,2274000.0,6018848.0,0.377813162917555
MARYLAND,2020,10052750.0,6037624.0,1.6650175632003583
MARYLAND,2021,11449000.0,6148545.0,1.8620665539570744
MARYLAND,2022,7836500.0,6161707.0,1.2718066600700098
MARYLAND,2023,76795000.0,6170738.0,12.445026834715717
MARYLAND,2024,41081500.0,6206011.0,6.619630548511758
MASSACHUSETTS,2010,173556850.0,6477096.0,26.795472847708293
MASSACHUSETTS,2011,312571500.0,6512227.0,47.99763583179763
MASSACHUSETTS,2012,26188000.0,6560595.0,3.9917111176653948
MASSACHUSETTS,2013,30760900.0,6605058.0,4.65717333594951
MASSACHUSETTS,2013,30760900.0,6605058.0,4.65717333594951
MASSACHUSETTS,2014,11819000.0,6657291.0,1.7753467589143992
MASSACHUSETTS,2015,5497500.0,6705586.0,0.8198388627034237
MASSACHUSETTS,2016,7021700.0,6742143.0,1.0414641160829725
MASSACHUSETTS,2017,5163400.0,6789319.0,0.7605181020364488
MASSACHUSETTS,2018,9568000.0,6830193.0,1.4008388928394848
MASSACHUSETTS,2019,10600450.0,6850553.0,1.5473860285439731
MASSACHUSETTS,2020,32243350.0,6873003.0,4.691304514198524
MASSACHUSETTS,2021,9373340.0,6991852.0,1.3406090403515407
MASSACHUSETTS,2022,898000.0,6984205.0,0.12857583647673573
MASSACHUSETTS,2023,3175000.0,6992395.0,0.4540647374755002
MASSACHUSETTS,2024,275800.0,7044056.0,0.03915357856325958
MICHIGAN,2010,257038000.0,9952687.0,25.825990508894733
MICHIGAN,2011,86224000.0,9920621.0,8.691391395760407
MICHIGAN,2012,197073220.0,9897264.0,19.911888780576128
MICHIGAN,2013,197176500.0,9886095.0,19.9448316043898
MICHIGAN,2013,197176500.0,9886095.0,19.9448316043898
MICHIGAN,2014,1880374000.0,9889024.0,190.14758180382614
MICHIGAN,2015,79924000.0,9900571.0,8.072665707866749
MICHIGAN,2016,50634500.0,9909600.0,5.1096411560506985
MICHIGAN,2017,742021000.0,9925568.0,74.75854278566224
MICHIGAN,2018,201538000.0,9957488.0,20.239843623210994
MICHIGAN,2019,203350500.0,9965265.0,20.405929997847522
MICHIGAN,2020,276979500.0,9973907.0,27.770411334294575
MICHIGAN,2021,185804800.0,10062512.0,18.465051271491653
MICHIGAN,2022,75244500.0,10057921.0,7.481118612882324
MICHIGAN,2023,325008000.0,10051595.0,32.33397286699275
MICHIGAN,2024,68441500.0,10077761.0,6.791339862098337
MINNESOTA,2010,123532100.0,5241914.0,23.566220277555107
MINNESOTA,2011,195908000.0,5278190.0,37.11651153141513
MINNESOTA,2012,60842700.0,5313081.0,11.451491140451274
MINNESOTA,2013,114128200.0,5347740.0,21.34138907276719
MINNESOTA,2013,114128200.0,5347740.0,21.34138907276719
MINNESOTA,2014,48091200.0,5383661.0,8.932806133224213
MINNESOTA,2015,5818900.0,5419171.0,1.0737620200580495
MINNESOTA,2016,18954300.0,5450868.0,3.4772993952522793
MINNESOTA,2017,23622000.0,5490726.0,4.302163320478932
MINNESOTA,2018,46304000.0,5527358.0,8.377239180092912
MINNESOTA,2019,186324000.0,5563378.0,33.49116310270487
MINNESOTA,2020,23459500.0,5600166.0,4.189072252501086
MINNESOTA,2021,43359900.0,5670472.0,7.6466121338752755
MINNESOTA,2022,73409700.0,5695292.0,12.889541045481074
MINNESOTA,2023,75670500.0,5713716.0,13.243657892691902
MINNESOTA,2024,38690700.0,5739445.0,6.741191874824134
MISSISSIPPI,2010,475887000.0,2941991.0,161.7567830764948
MISSISSIPPI,2011,1169398700.0,2956700.0,395.5080664254067
MISSISSIPPI,2012,39127700.0,2967620.0,13.184875422055384
MISSISSIPPI,2013,609917000.0,2976872.0,204.88519492944272
MISSISSIPPI,2013,609917000.0,2976872.0,204.88519492944272
MISSISSIPPI,2014,222258580.0,2984345.0,74.47482780978741
MISSISSIPPI,2015,29073760.0,2988081.0,9.729910266823422
MISSISSIPPI,2016,41633200.0,2989192.0,13.927910953863117
MISSISSIPPI,2017,61279900.0,2986220.0,20.520892633496526
MISSISSIPPI,2018,28709200.0,2988762.0,9.605716346768327
MISSISSIPPI,2019,59614400.0,2984418.0,19.975217948692173
MISSISSIPPI,2020,272292000.0,2981835.0,91.31692397466661
MISSISSIPPI,2021,50265600.0,2967023.0,16.94142579953037
MISSISSIPPI,2022,64462600.0,2958846.0,21.786399156968628
MISSISSIPPI,2023,431750850.0,2951438.0,146.28491264258304
MISSISSIPPI,2024,30709000.0,2946779.0,10.421209055718125
MISSOURI,2010,107259800.0,5922314.0,18.111130210252277
MISSOURI,2011,3479849850.0,5955802.0,584.2789686426781
MISSOURI,2012,207381950.0,5982413.0,34.66526801141947
MISSOURI,2013,95980500.0,6007182.0,15.977624783134589
MISSOURI,2013,95980500.0,6007182.0,15.977624783134589
MISSOURI,2014,7300500.0,6028076.0,1.2110829392330156
MISSOURI,2015,331190000.0,6045448.0,54.78336758499949
MISSOURI,2016,14803500.0,6059651.0,2.4429624742415035
MISSOURI,2017,156203000.0,6075300.0,25.711158296709627
MISSOURI,2018,9295000.0,6090062.0,1.526257039747707
MISSOURI,2019,236796500.0,6104910.0,38.787877298764435
MISSOURI,2020,24776800.0,6124160.0,4.045746681993939
MISSOURI,2021,20642000.0,6141534.0,3.3610495358325787
MISSOURI,2022,183677100.0,6154422.0,29.8447360288261
MISSOURI,2023,151099000.0,6168181.0,24.49652498848526
MISSOURI,2024,139983250.0,6191814.0,22.60779312815275
MONTANA,2010,96458900.0,973739.0,99.0603231461408
MONTANA,2011,22064500.0,982854.0,22.449417716161303
MONTANA,2012,2585700.0,990785.0,2.6097488355193104
MONTANA,2013,1324100.0,998554.0,1.3260174211910423
MONTANA,2013,1324100.0,998554.0,1.3260174211910423
MONTANA,2014,2800500.0,1006370.0,2.7827737313314187
MONTANA,2015,4423500.0,1014699.0,4.359420872593745
MONTANA,2016,5011750.0,1023391.0,4.8971996040614
MONTANA,2017,1165500.0,1029862.0,1.1317050245566882
MONTANA,2018,10593000.0,1041732.0,10.168642222759788
MONTANA,2019,3960000.0,1050649.0,3.769098909340798
MONTANA,2020,3166600.0,1061705.0,2.9825610692235602
MONTANA,2021,7012000.0,1077978.0,6.504770969351879
MONTANA,2022,4267100.0,1091840.0,3.9081733587338805
MONTANA,2023,9710000.0,1105072.0,8.786757785918022
MONTANA,2024,8059500.0,1116875.0,7.21611639619474
NEBRASKA,2010,27751560.0,1799125.0,15.425031612589454
NEBRASKA,2011,168032500.0,1813061.0,92.67890048928304
NEBRASKA,2012,550876000.0,1827306.0,301.4689384262953
NEBRASKA,2013,169779000.0,1841625.0,92.18977804927714
NEBRASKA,2013,169779000.0,1841625.0,92.18977804927714
NEBRASKA,2014,493414000.0,1855617.0,265.902931477778
NEBRASKA,2015,307656800.0,1869365.0,164.57823913467942
NEBRASKA,2016,53742000.0,1881259.0,28.567039413499153
NEBRASKA,2017,77857250.0,1893921.0,41.10902725087266
NEBRASKA,2018,123713500.0,1904760.0,64.94965244965245
NEBRASKA,2019,668703500.0,1914571.0,349.27067212446025
NEBRASKA,2020,31273450.0,1923826.0,16.255862016627283
NEBRASKA,2021,167541000.0,1951480.0,85.85330108430524
NEBRASKA,2022,443283500.0,1958939.0,226.28754647286107
NEBRASKA,2023,195469760.0,1965926.0,99.42884930561985
NEBRASKA,2024,363391500.0,1978707.0,183.65099026788707
NEVADA,2010,7580600.0,2633331.0,2.8787114115164405
NEVADA,2011,15131900.0,2673396.0,5.66017903819711
NEVADA,2012,82153800.0,2704204.0,30.380030500657494
NEVADA,2013,17743100.0,2730066.0,6.499146907071111
NEVADA,2013,17743100.0,2730066.0,6.499146907071111
NEVADA,2014,13360100.0,2761584.0,4.837839442870469
NEVADA,2015,4645600.0,2798636.0,1.6599514906547332
NEVADA,2016,81087500.0,2839172.0,28.560263344383504
NEVADA,2017,19951600.0,2887725.0,6.909106649698292
NEVADA,2018,16759000.0,2922849.0,5.733789189930783
NEVADA,2019,438000.0,2972382.0,0.14735656453309165
NEVADA,2020,438650.0,3030281.0,0.14475555237286575
NEVADA,2021,3498000.0,3059238.0,1.1434219893973598
NEVADA,2022,23592100.0,3104817.0,7.598547676078816
NEVADA,2023,39568600.0,3141000.0,12.597453040432983
NEVADA,2024,2696000.0,3184612.0,0.8465709480464182
NEW HAMPSHIRE,2010,14632100.0,1313939.0,11.136057305552237
NEW HAMPSHIRE,2011,27280500.0,1315911.0,20.731265260340557
NEW HAMPSHIRE,2012,5276100.0,1317474.0,4.004709011335328
NEW HAMPSHIRE,2013,11251500.0,1319171.0,8.529220245138804
NEW HAMPSHIRE,2013,11251500.0,1319171.0,8.529220245138804
NEW HAMPSHIRE,2014,3765000.0,1321069.0,2.849964687688531
NEW HAMPSHIRE,2015,371000.0,1324201.0,0.28016894716134483
NEW HAMPSHIRE,2016,265000.0,1327503.0,0.19962290104052496
NEW HAMPSHIRE,2017,16965000.0,1331848.0,12.737940065232669
NEW HAMPSHIRE,2018,3445000.0,1343622.0,2.563965162821091
NEW HAMPSHIRE,2019,2980000.0,1348124.0,2.210479154736508
NEW HAMPSHIRE,2020,63955000.0,1355244.0,47.19076417235568
NEW HAMPSHIRE,2021,5716000.0,1372175.0,4.165649425182648
NEW HAMPSHIRE,2022,10999000.0,1379610.0,7.972542965040845
NEW HAMPSHIRE,2023,1640000.0,1387834.0,1.181697522902595
NEW HAMPSHIRE,2024,46339000.0,1394868.0,33.22106464554352
NEW JERSEY,2010,202629250.0,8721577.0,23.23309763819089
NEW JERSEY,2011,851261850.0,8753064.0,97.25301334481274
NEW JERSEY,2012,24996861500.0,8793888.0,2842.526707185718
NEW JERSEY,2013,4099750.0,8832406.0,0.4641713707454118
NEW JERSEY,2013,4099750.0,8832406.0,0.4641713707454118
NEW JERSEY,2014,13785250.0,8874374.0,1.5533771734209083
NEW JERSEY,2015,65600500.0,8904413.0,7.3671897294072055
NEW JERSEY,2016,3894570.0,8915456.0,0.4368335169844369
NEW JERSEY,2017,1793210.0,8960161.0,0.20013144853089135
NEW JERSEY,2018,4142000.0,8881845.0,0.46634454890847565
NEW JERSEY,2019,934000.0,8878503.0,0.1051979145583439
NEW JERSEY,2020,1552000.0,8885418.0,0.17466820356678775
NEW JERSEY,2021,238555500.0,9234024.0,25.834403289400157
NEW JERSEY,2022,170000.0,9249063.0,0.01838024024703908
NEW JERSEY,2023,223000.0,9267014.0,0.02406384624000784
NEW JERSEY,2024,255500.0,9343809.0,0.027344308942958917
NEW MEXICO,2010,23029450.0,2013122.0,11.43966932952896
NEW MEXICO,2011,49647100.0,2037136.0,24.371028738385654
NEW MEXICO,2012,39834520.0,2055287.0,19.381487840870886
NEW MEXICO,2013,20617800.0,2069706.0,9.961704705885763
NEW MEXICO,2013,20617800.0,2069706.0,9.961704705885763
NEW MEXICO,2014,6101600.0,2080085.0,2.9333416663261356
NEW MEXICO,2015,410929700.0,2084117.0,197.17208774747291
NEW MEXICO,2016,19438100.0,2082669.0,9.333264191285316
NEW MEXICO,2017,18702500.0,2084828.0,8.970764015065031
NEW MEXICO,2018,8105000.0,2092434.0,3.8734794024566606
NEW MEXICO,2019,16633000.0,2092454.0,7.949039739941714
NEW MEXICO,2020,4463300.0,2097021.0,2.128400240150194
NEW MEXICO,2021,24024000.0,2109366.0,11.38920414949326
NEW MEXICO,2022,183122900.0,2112463.0,86.68691475306314
NEW MEXICO,2023,17603500.0,2114768.0,8.32408093937491
NEW MEXICO,2024,562174000.0,2120246.0,265.145648193653
NEW YORK,2010,89993400.0,19229752.0,4.679904348220403
NEW YORK,2011,1202377500.0,19302448.0,62.291451322650886
NEW YORK,2012,39944750.0,19398125.0,2.059206753230016
NEW YORK,2013,65907000.0,19487053.0,3.382091689287241
NEW YORK,2013,65907000.0,19487053.0,3.382091689287241
NEW YORK,2014,93447500.0,19594330.0,4.769109227005976
NEW YORK,2015,32507250.0,19673174.0,1.6523642804155547
NEW YORK,2016,17017250.0,19697457.0,0.863931318646869
NEW YORK,2017,52235950.0,19798228.0,2.6384154177838544
NEW YORK,2018,14544250.0,19618453.0,0.7413556002606322
NEW YORK,2019,86172000.0,19572319.0,4.402748596116791
NEW YORK,2020,70927000.0,19514849.0,3.6345144151512523
NEW YORK,2021,522437000.0,20114745.0,25.972837338976955
NEW YORK,2022,57629800.0,19994379.0,2.8823000704347956
NEW YORK,2023,12300250.0,19872319.0,0.6189639971057228
NEW YORK,2024,94516950.0,19852366.0,4.760991712524341
NORTH CAROLINA,2010,123239450.0,9271178.0,13.292749853362755
NORTH CAROLINA,2011,1174943000.0,9418736.0,124.74529491006012
NORTH CAROLINA,2012,47057150.0,9544249.0,4.9304193551530355
NORTH CAROLINA,2013,48314450.0,9651380.0,5.00596287784752
NORTH CAROLINA,2013,48314450.0,9651380.0,5.00596287784752
NORTH CAROLINA,2014,54620200.0,9750405.0,5.601839103093666
NORTH CAROLINA,2015,25631350.0,9845333.0,2.6034010225961883
NORTH CAROLINA,2016,1005586300.0,9940828.0,101.15719736826752
NORTH CAROLINA,2017,60656450.0,10052564.0,6.033928259496781
NORTH CAROLINA,2018,2453650960.0,10155624.0,241.60514016667022
NORTH CAROLINA,2019,154015600.0,10264876.0,15.004136435744572
NORTH CAROLINA,2020,79903800.0,10386227.0,7.693246065197689
NORTH CAROLINA,2021,221115400.0,10367022.0,21.328728732320624
NORTH CAROLINA,2022,30984350.0,10470214.0,2.9592852638924096
NORTH CAROLINA,2023,308155400.0,10584340.0,29.114276374341717
NORTH CAROLINA,2024,2138196900.0,10730404.0,199.2652746345804
NORTH DAKOTA,2010,100959500.0,659858.0,153.0018579755038
NORTH DAKOTA,2011,186839200.0,666783.0,280.2099033718616
NORTH DAKOTA,2012,5999100.0,676253.0,8.87108818740915
NORTH DAKOTA,2013,14681000.0,689781.0,21.283566813234927
NORTH DAKOTA,2013,14681000.0,689781.0,21.283566813234927
NORTH DAKOTA,2014,26415000.0,704925.0,37.472071496967764
NORTH DAKOTA,2015,10292000.0,721640.0,14.261958871459454
NORTH DAKOTA,2016,93401500.0,736162.0,126.87628538283693
NORTH DAKOTA,2017,17393000.0,745475.0,23.331432978973137
NORTH DAKOTA,2018,26577000.0,752201.0,35.33231144335091
NORTH DAKOTA,2019,84644000.0,756717.0,111.8568764809037
NORTH DAKOTA,2020,7709000.0,760394.0,10.138165214349403
NORTH DAKOTA,2021,10231000.0,773344.0,13.229558902635826
NORTH DAKOTA,2022,70073000.0,776874.0,90.19866799506741
NORTH DAKOTA,2023,30049000.0,779361.0,38.55594519099621
NORTH DAKOTA,2024,62039250.0,784841.0,79.04690249362609
OHIO,2010,197703000.0,11512431.0,17.17300194893676
OHIO,2011,172384500.0,11525536.0,14.956744744886485
OHIO,2012,135988500.0,11533561.0,11.790677658010392
OHIO,2013,74942500.0,11549590.0,6.4887584754090835
OHIO,2013,74942500.0,11549590.0,6.4887584754090835
OHIO,2014,97021350.0,11560380.0,8.39257446554525
OHIO,2015,38402400.0,11575977.0,3.317421933371153
OHIO,2016,21333550.0,11586941.0,1.8411718847968588
OHIO,2017,71645100.0,11609756.0,6.171111606479929
OHIO,2018,15937150.0,11641879.0,1.368949977920231
OHIO,2019,691804900.0,11655397.0,59.35489799274963
OHIO,2020,28799300.0,11675275.0,2.4666913627302143
OHIO,2021,9467700.0,11769923.0,0.804397785779907
OHIO,2022,20173750.0,11774683.0,1.7133157639997612
OHIO,2023,28218900.0,11780046.0,2.3954830057539676
OHIO,2024,36828250.0,11810293.0,3.118318063743211
OKLAHOMA,2010,33987400.0,3675339.0,9.247419081613968
OKLAHOMA,2011,45692600.0,3714520.0,12.301077932007365
OKLAHOMA,2012,656182200.0,3749005.0,175.02836085841443
OKLAHOMA,2013,2490424300.0,3785742.0,657.8431123938187
OKLAHOMA,2013,2490424300.0,3785742.0,657.8431123938187
OKLAHOMA,2014,9793000.0,3818851.0,2.5643838945274378
OKLAHOMA,2015,122719900.0,3849733.0,31.877509427277165
OKLAHOMA,2016,20315600.0,3875589.0,5.241938709187171
OKLAHOMA,2017,130013000.0,3896251.0,33.36874344081016
OKLAHOMA,2018,4675000.0,3918137.0,1.1931691005189455
OKLAHOMA,2019,14845400.0,3932870.0,3.7746988840210838
OKLAHOMA,2020,18704000.0,3949342.0,4.735978803557656
OKLAHOMA,2021,7908000.0,3948136.0,2.0029705157066524
OKLAHOMA,2022,44833000.0,3970497.0,11.29153352842226
OKLAHOMA,2023,238288870.0,3995260.0,59.64289432978079
OKLAHOMA,2024,366341360.0,4028634.0,90.93438619641297
OREGON,2010,8321000.0,3761925.0,2.211899492945766
OREGON,2011,28419200.0,3801991.0,7.474820429611748
OREGON,2012,30764600.0,3836628.0,8.018655965603129
OREGON,2013,9026000.0,3868721.0,2.3330708004014764
OREGON,2013,9026000.0,3868721.0,2.3330708004014764
OREGON,2014,3358000.0,3900343.0,0.8609499215838197
OREGON,2015,23718000.0,3939233.0,6.020969056666615
OREGON,2016,7264000.0,3982267.0,1.824086632061587
OREGON,2017,101213000.0,4025127.0,25.14529355222829
OREGON,2018,1236200.0,4081943.0,0.30284597310643485
OREGON,2019,37117000.0,4129803.0,8.987595776360276
OREGON,2020,3671660000.0,4176346.0,879.1560852477261
OREGON,2021,26467700.0,4207177.0,6.2910830706671
OREGON,2022,9830950.0,4229374.0,2.3244456508220837
OREGON,2023,20168000.0,4238714.0,4.7580468981865724
OREGON,2024,52282900.0,4254293.0,12.289445038223743
PENNSYLVANIA,2010,48229470.0,12612705.0,3.823879968650658
PENNSYLVANIA,2011,357025720.0,12660739.0,28.199437647360078
PENNSYLVANIA,2012,42772750.0,12699589.0,3.368042068133071
PENNSYLVANIA,2013,24962250.0,12731381.0,1.9606867471800584
PENNSYLVANIA,2013,24962250.0,12731381.0,1.9606867471800584
PENNSYLVANIA,2014,18894750.0,12758729.0,1.4809272929928992
PENNSYLVANIA,2015,20544350.0,12779559.0,1.607594596965357
PENNSYLVANIA,2016,61121570.0,12783977.0,4.78110763184258
PENNSYLVANIA,2017,45679810.0,12790505.0,3.5713843980358866
PENNSYLVANIA,2018,31032500.0,12791181.0,2.4260855975691378
PENNSYLVANIA,2019,31704000.0,12791530.0,2.4785150799005278
PENNSYLVANIA,2020,13158200.0,12794885.0,1.02839533141564
PENNSYLVANIA,2021,402399950.0,12970650.0,31.0238846935196
PENNSYLVANIA,2022,8076650.0,12989208.0,0.6217969563656229
PENNSYLVANIA,2023,27448200.0,12986518.0,2.113591957443866
PENNSYLVANIA,2024,59099150.0,13018639.0,4.539579751769751
RHODE ISLAND,2010,88227000.0,1056389.0,83.5175300007857
RHODE ISLAND,2011,654000.0,1053959.0,0.6205174964111507
RHODE ISLAND,2012,11864500.0,1052471.0,11.272994695340774
RHODE ISLAND,2013,1981000.0,1051695.0,1.883625956194524
RHODE ISLAND,2013,1981000.0,1051695.0,1.883625956194524
RHODE ISLAND,2014,157000.0,1053252.0,0.14906214277304958
RHODE ISLAND,2015,513000.0,1053661.0,0.4868738617069437
RHODE ISLAND,2016,908300.0,1054491.0,0.8613634445433863
RHODE ISLAND,2017,161900.0,1056138.0,0.15329436115356138
RHODE ISLAND,2018,1153000.0,1056611.0,1.0912246796597802
RHODE ISLAND,2019,142700.0,1057231.0,0.13497523247048185
RHODE ISLAND,2020,293500.0,1057798.0,0.2774631829517545
RHODE ISLAND,2021,2145300.0,1091949.0,1.9646521952948353
RHODE ISLAND,2022,1121500.0,1094250.0,1.0249029015307287
RHODE ISLAND,2023,335100.0,1095371.0,0.30592374638364533
RHODE ISLAND,2024,55800.0,1101801.0,0.05064435410750217
SOUTH CAROLINA,2010,14900850.0,4511428.0,3.302912071299819
SOUTH CAROLINA,2011,18079750.0,4575864.0,3.951111746328125
SOUTH CAROLINA,2012,9381500.0,4630351.0,2.026088303024976
SOUTH CAROLINA,2013,18379000.0,4679602.0,3.927470754991557
SOUTH CAROLINA,2013,18379000.0,4679602.0,3.927470754991557
SOUTH CAROLINA,2014,12082100.0,4727273.0,2.5558286987021903
SOUTH CAROLINA,2015,178618870.0,4777576.0,37.3869238291552
SOUTH CAROLINA,2016,254567430.0,4834605.0,52.65526966525704
SOUTH CAROLINA,2017,755538810.0,4893444.0,154.39817233016257
SOUTH CAROLINA,2018,5921250.0,4955925.0,1.194782003359615
SOUTH CAROLINA,2019,1947250.0,5020806.0,0.3878361362697543
SOUTH CAROLINA,2020,125060070.0,5091517.0,24.562437874605937
SOUTH CAROLINA,2021,2624080.0,5078903.0,0.516662751779272
SOUTH CAROLINA,2022,2081100.0,5142750.0,0.4046667638909144
SOUTH CAROLINA,2023,12574850.0,5212774.0,2.412314441408739
SOUTH CAROLINA,2024,473254750.0,5296225.0,89.35699484066481
SOUTH DAKOTA,2010,19915500.0,799462.0,24.91112773340071
SOUTH DAKOTA,2011,23826000.0,807697.0,29.498685769539815
SOUTH DAKOTA,2012,7261100.0,815871.0,8.899813818606127
SOUTH DAKOTA,2013,153566500.0,825198.0,186.09654894946425
SOUTH DAKOTA,2013,153566500.0,825198.0,186.09654894946425
SOUTH DAKOTA,2014,19439000.0,834708.0,23.28838348260709
SOUTH DAKOTA,2015,7870000.0,843190.0,9.333602153725732
SOUTH DAKOTA,2016,10548200.0,851058.0,12.394219900406318
SOUTH DAKOTA,2017,171000.0,855444.0,0.1998961942570174
SOUTH DAKOTA,2018,5184000.0,864289.0,5.9979937266354195
SOUTH DAKOTA,2019,1051020450.0,870638.0,1207.184214334775
SOUTH DAKOTA,2020,11998000.0,879336.0,13.644386218692286
SOUTH DAKOTA,2021,117961000.0,881785.0,133.7752399961442
SOUTH DAKOTA,2022,499830110.0,890342.0,561.3911395845641
SOUTH DAKOTA,2023,152680000.0,899194.0,169.79650664928815
SOUTH DAKOTA,2024,101901000.0,907428.0,112.29651278117933
TENNESSEE,2010,2361764300.0,6234968.0,378.7933314172583
TENNESSEE,2011,2150295900.0,6297991.0,341.42568638157786
TENNESSEE,2012,86273750.0,6353226.0,13.57951849973541
TENNESSEE,2013,94077000.0,6402387.0,14.694050828230159
TENNESSEE,2013,94077000.0,6402387.0,14.694050828230159
TENNESSEE,2014,57257000.0,6451365.0,8.8751760286389
TENNESSEE,2015,80801250.0,6499615.0,12.431697877489666
TENNESSEE,2016,26218020.0,6548009.0,4.003968229121249
TENNESSEE,2017,27251700.0,6597381.0,4.130684585292254
TENNESSEE,2018,21395200.0,6651089.0,3.216796527606231
TENNESSEE,2019,122670330.0,6709356.0,18.283473108298324
TENNESSEE,2020,1637259430.0,6772268.0,241.75939729496824
TENNESSEE,2021,192481780.0,6859497.0,28.06062601966296
TENNESSEE,2022,3500600.0,6923772.0,0.505591460839554
TENNESSEE,2023,287114800.0,6986082.0,41.09811479453004
TENNESSEE,2024,199859900.0,7066383.0,28.283196650959905
TEXAS,2010,344817000.0,24311891.0,14.183059639416777
TEXAS,2011,2978887000.0,24774187.0,120.24156433468433
TEXAS,2012,3518060210.0,25208897.0,139.55629276441567
TEXAS,2013,3658646100.0,25639373.0,142.69639511075408
TEXAS,2013,3658646100.0,25639373.0,142.69639511075408
TEXAS,2014,1150440050.0,26092033.0,44.0916217605581
TEXAS,2015,2598695570.0,26538614.0,97.9212995072011
TEXAS,2016,3611894800.0,26956435.0,133.99007695194115
TEXAS,2017,51631759600.0,27419612.0,1883.0229836950282
TEXAS,2018,338620500.0,27885195.0,12.143379309343183
TEXAS,2019,3100530900.0,28260856.0,109.71114604596549
TEXAS,2020,2953603350.0,28635442.0,103.14502391826186
TEXAS,2021,1852147370.0,28862581.0,64.17123160260685
TEXAS,2022,1527393200.0,29243342.0,52.23045984279088
TEXAS,2023,2305671800.0,29640343.0,77.78829684933133
TEXAS,2024,559046250.0,30188424.0,18.518563605705285
UTAH,2010,35887000.0,2657236.0,13.505386800419684
UTAH,2011,98291000.0,2715379.0,36.19789355371755
UTAH,2012,27244000.0,2766233.0,9.848772681115438
UTAH,2013,5766200.0,2813673.0,2.0493497289841427
UTAH,2013,5766200.0,2813673.0,2.0493497289841427
UTAH,2014,7085000.0,2858111.0,2.4789100213392694
UTAH,2015,2774000.0,2903379.0,0.9554384735854327
UTAH,2016,13490500.0,2948427.0,4.575490592102161
UTAH,2017,25675000.0,2993941.0,8.575653294436998
UTAH,2018,55025000.0,3045350.0,18.06853071075574
UTAH,2019,293000.0,3096848.0,0.09461232840617298
UTAH,2020,13990000.0,3151239.0,4.439523628642575
UTAH,2021,25553200.0,3231370.0,7.907853325369735
UTAH,2022,36764250.0,3283809.0,11.195611559624814
UTAH,2023,26169250.0,3331187.0,7.855833371107656
UTAH,2024,26317500.0,3392331.0,7.757939894426576
VERMONT,2010,11107000.0,624258.0,17.792323045920117
VERMONT,2011,1375993000.0,624958.0,2201.736756710051
VERMONT,2012,14625500.0,625498.0,23.382169087670945
VERMONT,2013,13530500.0,625904.0,21.617532401134998
VERMONT,2013,13530500.0,625904.0,21.617532401134998
VERMONT,2014,7250000.0,626358.0,11.574850165560271
VERMONT,2015,3553500.0,626604.0,5.671045827987054
VERMONT,2016,3936000.0,626249.0,6.285039976111738
VERMONT,2017,14638000.0,624636.0,23.434448222644868
VERMONT,2018,5329000.0,624977.0,8.526713783067217
VERMONT,2019,9242000.0,624313.0,14.803471976396455
VERMONT,2020,1917000.0,624340.0,3.070442387160842
VERMONT,2021,7786000.0,641637.0,12.134587001684753
VERMONT,2022,5686000.0,643816.0,8.831715893982132
VERMONT,2023,154761000.0,645254.0,239.84508426139163
VERMONT,2024,26561000.0,647106.0,41.045825567990406
VIRGINIA,2010,17340600.0,7841754.0,2.211316498834317
VIRGINIA,2011,112915500.0,7926192.0,14.245869895657334
VIRGINIA,2012,57579750.0,8014955.0,7.184039086931866
VIRGINIA,2013,7681350.0,8100653.0,0.9482383704128544
VIRGINIA,2013,7681350.0,8100653.0,0.9482383704128544
VIRGINIA,2014,8730950.0,8185131.0,1.0666842106742092
VIRGINIA,2015,19530400.0,8256630.0,2.365420274373443
VIRGINIA,2016,98446600.0,8310301.0,11.846333845188038
VIRGINIA,2017,13840100.0,8365952.0,1.6543365297816675
VIRGINIA,2018,93946600.0,8413774.0,11.165809778109086
VIRGINIA,2019,16856200.0,8454463.0,1.993763530575508
VIRGINIA,2020,41392760.0,8509358.0,4.864381073166742
VIRGINIA,2021,15414500.0,8582479.0,1.7960428449635588
VIRGINIA,2022,69560150.0,8624511.0,8.06540220077405
VIRGINIA,2023,53945900.0,8657499.0,6.231118247891221
VIRGINIA,2024,405855260.0,8705170.0,46.6223244347899
WASHINGTON,2010,11086000.0,6561297.0,1.6896049668228705
WASHINGTON,2011,19494000.0,6652845.0,2.930174985288249
WASHINGTON,2012,28445750.0,6738714.0,4.221243103654495
WASHINGTON,2013,13334030.0,6819579.0,1.9552570620561769
WASHINGTON,2013,13334030.0,6819579.0,1.9552570620561769
WASHINGTON,2014,329282500.0,6899123.0,47.72816776857
WASHINGTON,2015,28962010.0,6985464.0,4.146039547265579
WASHINGTON,2016,8432500.0,7073146.0,1.1921852030199858
WASHINGTON,2017,82468000.0,7169967.0,11.501866047640108
WASHINGTON,2018,141834760.0,7294336.0,19.44450598382087
WASHINGTON,2019,4930400.0,7404107.0,0.6659006953843319
WASHINGTON,2020,1340797000.0,7512465.0,178.47630571323793
WASHINGTON,2021,85214100.0,7617364.0,11.186822633131356
WASHINGTON,2022,359462300.0,7688549.0,46.75294389097345
WASHINGTON,2023,190141600.0,7740984.0,24.56297545635025
WASHINGTON,2024,548978400.0,7816116.0,70.23672627171858
WEST VIRGINIA,2010,27856200.0,1840802.0,15.132643271791316
WEST VIRGINIA,2011,7672200.0,1846372.0,4.155283983942564
WEST VIRGINIA,2012,102559950.0,1850481.0,55.42340072662189
WEST VIRGINIA,2013,9603850.0,1853619.0,5.181134850257793
WEST VIRGINIA,2013,9603850.0,1853619.0,5.181134850257793
WEST VIRGINIA,2014,10415200.0,1853881.0,5.618052075618662
WEST VIRGINIA,2015,20726000.0,1851420.0,11.194650592518176
WEST VIRGINIA,2016,172536700.0,1846092.0,93.4605100937548
WEST VIRGINIA,2017,6880600.0,1836843.0,3.7458835621770614
WEST VIRGINIA,2018,6736000.0,1829054.0,3.6827780918441992
WEST VIRGINIA,2019,11276100.0,1817305.0,6.204847287604447
WEST VIRGINIA,2020,5616500.0,1807426.0,3.1074577880366885
WEST VIRGINIA,2021,3964560.0,1801049.0,2.201250493462421
WEST VIRGINIA,2022,24107200.0,1792967.0,13.445423144988167
WEST VIRGINIA,2023,8509800.0,1784462.0,4.768832286706021
WEST VIRGINIA,2024,19484450.0,1778373.0,10.95633480715238
WISCONSIN,2010,125849340.0,5637947.0,22.321838073327047
WISCONSIN,2011,110646100.0,5664893.0,19.53189583633795
WISCONSIN,2012,32926400.0,5687219.0,5.789543184463268
WISCONSIN,2013,47909600.0,5706871.0,8.395073237155703
WISCONSIN,2013,47909600.0,5706871.0,8.395073237155703
WISCONSIN,2014,54585500.0,5724692.0,9.535098132790376
WISCONSIN,2015,8738600.0,5742117.0,1.5218429021909514
WISCONSIN,2016,37951800.0,5754798.0,6.594810104542331
WISCONSIN,2017,124269100.0,5763217.0,21.56245374762047
WISCONSIN,2018,186171060.0,5778394.0,32.21847800617265
WISCONSIN,2019,21703600.0,5790716.0,3.7479993838413073
WISCONSIN,2020,79540250.0,5806975.0,13.697363945944318
WISCONSIN,2021,12253200.0,5871661.0,2.086837097713918
WISCONSIN,2022,11488500.0,5882128.0,1.9531196872968422
WISCONSIN,2023,8836610.0,5892023.0,1.4997582324441028
WISCONSIN,2024,48051000.0,5914872.0,8.1237599055398
WYOMING,2010,61382700.0,545579.0,112.5092791328112
WYOMING,2011,6962000.0,554697.0,12.550996309697005
WYOMING,2012,5114000.0,562803.0,9.086660874231303
WYOMING,2013,20654000.0,570134.0,36.22657129727398
WYOMING,2013,20654000.0,570134.0,36.22657129727398
WYOMING,2014,2199000.0,575251.0,3.822679143539081
WYOMING,2015,10602000.0,579679.0,18.28943259976642
WYOMING,2016,3104200.0,583029.0,5.324263458592969
WYOMING,2017,2999000.0,583200.0,5.142318244170096
WYOMING,2018,10196000.0,581836.0,17.523838332451067
WYOMING,2019,1329500.0,581024.0,2.288201520074902
WYOMING,2020,27000.0,581348.0,0.04644378238163716
WYOMING,2021,2959000.0,576641.0,5.131442266505504
WYOMING,2022,25170380.0,577929.0,43.5527201438239
WYOMING,2023,6746250.0,579761.0,11.636260459051229
WYOMING,2024,26141000.0,582397.0,44.88518999926167
